"","(Intercept)","Import","Export","GDPperCapita","Inflation"
"New Cases",0.000283781630799272,0.082529904172424,0.704481712351601,0.476516549692835,0.699915874668421
"Deaths Per 100 Cases",4.83836278807277e-11,0.216987818556545,0.0197827802685348,0.0314039779574775,0.911542523992913
"Recovered per 100 Cases",2.28050724132792e-46,0.267089001143108,0.716127419312364,0.124039523438384,0.971467953945313
